{
  "timestamp": "2025-09-28T02:23:02.138329",
  "import_performance": {
    "average_time": 0.671400785446167,
    "min_time": 0.6447889804840088,
    "max_time": 0.69830322265625
  },
  "kernel_performance": {
    "kernel_computation_time": 0.0009
  },
  "memory_usage": {
    "rss_mb": 18.65625,
    "vms_mb": 401100.875,
    "percent": 0.11386871337890625
  },
  "test_performance": {
    "execution_time": 2.950172185897827,
    "success": false,
    "test_count": 0
  },
  "system_info": {
    "python_version": "3.13.7 (main, Aug 14 2025, 11:12:11) [Clang 17.0.0 (clang-1700.0.13.3)]",
    "cpu_count": 8,
    "memory_total_gb": 16.0,
    "platform": "darwin"
  }
}
